event_id,event_ts,event_type,customer_id,region,amount
e001,2026-03-01 09:00:00,view,c001,north,
e002,2026-03-01 10:00:00,purchase,c001,north,120
e003,2026-03-01 11:00:00,purchase,,north,250
e004,2026-03-01 12:00:00,refund,c002,south,80
e005,2026-03-01 23:59:00,purchase,c003,east,90
e006,2026-03-02 00:00:00,purchase,c004,north,100
e007,2026-03-02 08:00:00,view,c004,north,
e008,2026-03-02 09:30:00,purchase,c005,south,220
e009,2026-03-02 10:00:00,purchase,,east,300
e010,2026-03-02 15:00:00,refund,c006,west,50
e011,2026-03-02 23:59:59,purchase,c007,north,99
e012,2026-03-03 00:00:00,purchase,c008,east,150
e013,2026-03-03 07:00:00,purchase,c009,north,450
e014,2026-03-03 08:00:00,view,,south,
e015,2026-03-03 12:00:00,purchase,c010,west,75
e016,2026-03-03 14:00:00,refund,c011,north,120
e017,2026-03-03 23:59:00,purchase,c012,south,130
e018,2026-03-04 00:00:00,purchase,c013,north,500
e019,2026-03-04 09:00:00,purchase,c014,east,180
e020,2026-03-04 11:00:00,view,c014,east,
e021,2026-03-04 12:00:00,purchase,,west,260
e022,2026-03-04 13:00:00,refund,c015,south,95
e023,2026-03-04 23:00:00,purchase,c016,north,110
e024,2026-03-05 00:00:00,view,c017,north,
e025,2026-03-05 07:00:00,purchase,c017,north,140
e026,2026-03-05 08:00:00,purchase,c018,south,210
e027,2026-03-05 09:00:00,purchase,,east,310
e028,2026-03-05 10:00:00,refund,c019,west,70
e029,2026-03-05 12:00:00,purchase,c020,north,60
e030,2026-03-05 23:00:00,purchase,c021,south,190
