order_id,created_at,status,region,customer_id,amount
o001,2026-01-01,paid,north,c001,120.00
o002,2026-01-01,paid,south,c002,80.00
o003,2026-01-01,new,north,c003,200.00
o004,2026-01-01,paid,north,c004,55.00
o005,2026-01-02,cancelled,east,c005,140.00
o006,2026-01-02,paid,west,c006,300.00
o007,2026-01-02,paid,north,c007,150.00
o008,2026-01-02,refunded,south,c008,210.00
o009,2026-01-03,paid,east,c009,175.00
o010,2026-01-03,paid,north,c010,99.00
o011,2026-01-03,paid,north,c011,100.00
o012,2026-01-03,new,west,c012,230.00
o013,2026-01-04,paid,south,c013,210.00
o014,2026-01-04,paid,north,c014,220.00
o015,2026-01-04,cancelled,north,c015,320.00
o016,2026-01-04,paid,west,c016,390.00
o017,2026-01-05,paid,north,c017,125.00
o018,2026-01-05,refunded,east,c018,410.00
o019,2026-01-05,paid,south,c019,88.00
o020,2026-01-05,new,north,c020,510.00
o021,2026-01-06,paid,north,c021,450.00
o022,2026-01-06,paid,east,c022,65.00
o023,2026-01-06,paid,north,c023,75.00
o024,2026-01-06,cancelled,west,c024,115.00
o025,2026-01-07,paid,west,c025,260.00
o026,2026-01-07,paid,north,c026,180.00
o027,2026-01-07,paid,north,c027,105.00
o028,2026-01-07,new,south,c028,340.00
o029,2026-01-08,paid,south,c029,190.00
o030,2026-01-08,paid,north,c030,130.00
